character,line_id,text,where
"pip","1_ca71c","1","counting"
"pip","10_b2a44","10","counting"
"pip","11_b2bd7","11","counting"
"pip","12_b2d6a","12","counting"
"pip","13_b2efd","13","counting"
"pip","14_b23f8","14","counting"
"pip","15_b258b","15","counting"
"pip","16_b271e","16","counting"
"pip","17_b28b1","17","counting"
"pip","18_b1dac","18","counting"
"pip","19_b1f3f","19","counting"
"pip","2_cabd5","2","counting"
"pip","20_2997f","20","counting"
"pip","3_caa42","3","counting"
"pip","4_ca263","4","counting"
"pip","5_ca0d0","5","counting"
"pip","6_ca589","6","counting"
"pip","7_ca3f6","7","counting"
"pip","8_cb547","8","counting"
"pip","9_cb3b4","9","counting"
"pip","a_friend_dropped_the_blocks_lets_4940b","A friend dropped the blocks. Let’s help tidy up. Where do the toys go?","m20_helping_friend"
"pip","a_is_for_apple_luna_loves_6b2de","A is for apple! Luna loves your reading.","storybook_a_is_for_apple"
"pip","a_little_lion_cub_is_sleepy_05d12","A little lion cub is sleepy. Let’s sing a quiet song.","jungle_lion_lullaby"
"pip","a_snack_for_the_whole_band_be67d","A snack for the whole band. Put six bananas on the plate.","jungle_concert_bananas"
"pip","all_aboard_lets_ride_the_bus_86e66","All aboard! Let’s ride the bus.","town_bus_stop"
"pip","all_ten_eggs_are_back_together_da375","All ten eggs are back together!","dino_ten_egg_rescue"
"pip","all_the_lights_are_shining_6ae5d","All the lights are shining!","space_control_lights"
"pip","beep_boop_the_robot_says_thank_97477","Beep boop! The robot says thank you!","space_robot_helper"
"pip","bella_and_her_friends_have_lots_355ab","Bella and her friends have lots of different feelings.","life_feelings_picnic"
"pip","bella_found_an_egg_in_the_f4062","Bella found an egg in the hay! Let’s help on the farm.","animal_farm_morning"
"pip","bella_heard_new_friends_in_the_868a5","Bella heard new friends in the forest.","animal_who_lives_here"
"pip","bella_is_getting_ready_for_a_9e771","Bella is getting ready for a fun day.","life_bella_gets_ready"
"pip","bella_is_ready_to_play_c270a","Bella is ready to play!","life_bella_gets_ready"
"pip","bella_needs_her_bathroom_things_find_470d1","Bella needs her bathroom things. Find the soap first.","m20_bathroom_things"
"pip","bella_needs_her_teddy_can_you_a7757","Bella needs her teddy. Can you find it?","life_bed_find_teddy"
"pip","bellas_tummy_is_rumbling_how_does_33ce3","Bella’s tummy is rumbling. How does she feel?","m20_feeling_frustrated"
"pip","big_and_small_loud_and_quiet_17d2f","Big and small, loud and quiet. Well done!","jungle_big_and_small"
"pip","big_drums_go_boom_little_bells_55816","Big drums go BOOM. Little bells go ting!","jungle_big_and_small"
"pip","big_vehicles_do_big_jobs_lets_f0e3c","Big vehicles do big jobs. Let’s help them!","town_big_helpers"
"pip","blast_off_you_built_a_rocket_f0730","Blast off! You built a rocket!","space_build_rocket_mission"
"pip","breakfast_time_has_arrived_in_animal_3cfde","Breakfast time has arrived in Animal Forest.","animal_forest_breakfast"
"pip","brr_snow_is_on_the_road_e265a","Brr! Snow is on the road. Which truck pushes the snow away? Tap it.","town_snow_day"
"pip","brush_every_tooth_sparkle_f4b1f","Brush every tooth sparkle!","m20_brush_teeth"
"pip","build_the_picture_0ce71","Build the picture!","m25_picture_puzzle"
"pip","build_the_robot_head_on_top_dc32a","Build the robot. Head on top, wheel at the bottom.","space_build_robot"
"pip","bunny_is_hungry_put_three_carrots_a6cc1","Bunny is hungry. Put three carrots in the bowl.","m17_bunny_bowl"
"pip","busy_town_has_lots_of_helpers_fa25f","Busy Town has lots of helpers. Who helps who?","town_who_helps"
"pip","can_you_find_the_drum_4700f","Can you find the drum?","jungle_find_drum"
"pip","can_you_find_the_nest_with_ece37","Can you find the nest with an egg in it?","dino_find_egg_nest"
"pip","can_you_find_the_pink_flamingo_57458","Can you find the pink flamingo?","jungle_find_flamingo"
"pip","can_you_find_the_pink_heart_ebca3","Can you find the pink heart sweet?","rainbow_candy_find_heart"
"pip","can_you_find_the_three_dinosaurs_876d7","Can you find the three dinosaurs?","dino_find_3"
"pip","can_you_find_three_stars_tap_5192f","Can you find three stars? Tap them and count: one, two, three!","space_tap_stars"
"pip","can_you_tap_the_red_apple_f7ce0","Can you tap the red apple?","tap_red_apple"
"pip","can_you_tap_the_triangle_c3dc1","Can you tap the triangle?","tap_triangle"
"pip","choose_how_to_help_octo_finish_bf7fa","Choose how to help Octo finish the parade.","rainbow_story_help"
"pip","choose_the_biggest_picnic_blanket_9c866","Choose the biggest picnic blanket!","rory_dino_picnic"
"pip","choose_the_food_83365","Choose the food","m17_food_rabbit m17_food_bear m17_food_duck animal_pig_food"
"pip","choose_what_pip_should_do_next_2cd7a","Choose what Pip should do next.","m13_story_choice"
"pip","circle_heart_circle_heart_what_comes_9ac82","Circle, heart, circle, heart. What comes next?","rainbow_candy_pattern"
"pip","cluck_cluck_355ea","Cluck cluck!","animal_farm_sounds"
"pip","count_10_dinosaur_eggs_into_the_0400f","Count 10 dinosaur eggs into the nest.","m16_count_10"
"pip","count_6_dinosaur_eggs_into_the_c5842","Count 6 dinosaur eggs into the nest.","m16_count_6"
"pip","count_7_dinosaur_eggs_into_the_d85a3","Count 7 dinosaur eggs into the nest.","m16_count_7"
"pip","count_8_dinosaur_eggs_into_the_209d4","Count 8 dinosaur eggs into the nest.","m16_count_8"
"pip","count_9_dinosaur_eggs_into_the_045fd","Count 9 dinosaur eggs into the nest.","m16_count_9"
"pip","count_down_for_blast_off_tap_a50e6","Count down for blast off! Tap five, four, three, two, one.","space_countdown"
"pip","cow_chicken_cow_chicken_what_comes_39212","Cow, chicken, cow, chicken. What comes next?","animal_farm_pattern"
"pip","doctor_things_go_to_the_hospital_a00d9","Doctor things go to the hospital. Firefighter things go to the fire station.","town_helper_kits"
"pip","doctors_and_nurses_help_us_feel_20177","Doctors and nurses help us feel better.","town_hospital"
"pip","drag_the_blue_circle_to_the_f0f9d","Drag the blue circle to the blue home.","drag_blue_circle"
"pip","drag_the_yellow_star_to_the_f117d","Drag the yellow star to the yellow home.","drag_yellow_star"
"pip","drum_maracas_maracas_drum_maracas_maracas_e6122","Drum, maracas, maracas, drum, maracas, maracas. What comes next?","jungle_concert_pattern"
"pip","every_animal_found_its_kind_of_5e913","Every animal found its kind of home!","animal_who_lives_here"
"pip","every_baby_is_back_with_its_32474","Every baby is back with its family!","animal_baby_rescue"
"pip","every_band_friend_needs_a_seat_83019","Every band friend needs a seat. Put five stools on the stage.","jungle_stage_stools"
"pip","every_car_is_parked_44272","Every car is parked!","town_park_cars"
"pip","every_colour_is_shining_again_66a77","Every colour is shining again!","rainbow_missing_rainbow"
"pip","every_egg_is_safe_in_the_348c7","Every egg is safe in the right nest!","dino_same_nest"
"pip","every_helper_has_a_tool_tap_acdcd","Every helper has a tool. Tap a vehicle, then tap its tool.","town_vehicle_tools"
"pip","every_nest_is_safe_thank_you_eb207","Every nest is safe. Thank you!","dino_nest_check"
"pip","every_shape_is_back_where_it_aa6fc","Every shape is back where it belongs.","rainbow_shape_house_rescue"
"pip","every_vehicle_has_a_job_tap_c3d22","Every vehicle has a job. Tap a vehicle, then tap what it needs.","town_vehicle_jobs"
"pip","everyone_has_big_feelings_lets_help_5a7ec","Everyone has big feelings. Let’s help Bella name them.","life_how_do_i_feel"
"pip","everyone_has_enough_food_now_803c3","Everyone has enough food now!","dino_hungry_herd"
"pip","everyone_ready_tap_the_big_red_12c11","Everyone ready? Tap the big red launch button!","space_launch_button"
"pip","everything_has_a_useful_place_ae22b","Everything has a useful place!","life_toy_tidy_party"
"pip","everything_is_delivered_10333","Everything is delivered!","town_deliveries"
"pip","faces_show_feelings_find_the_happy_c4a74","Faces show feelings. Find the happy face first.","m20_name_the_feeling"
"pip","find_3_dinosaurs_1855e","Find 3 dinosaurs!","dino_find_3"
"pip","find_letter_a_bd21c","Find letter A!","m19_letters_1"
"pip","find_letter_b_46607","Find letter B!","m19_letters_1"
"pip","find_letter_c_6788a","Find letter C!","m19_letters_1"
"pip","find_letter_d_f0c75","Find letter D!","m19_letters_1"
"pip","find_letter_e_1e878","Find letter E!","m19_letters_1"
"pip","find_letter_f_a7c63","Find letter F!","m19_letters_2"
"pip","find_letter_g_c8ee6","Find letter G!","m19_letters_2"
"pip","find_letter_h_d2e21","Find letter H!","m19_letters_2"
"pip","find_letter_i_f40a4","Find letter I!","m19_letters_2"
"pip","find_letter_j_7d48f","Find letter J!","m19_letters_2"
"pip","find_letter_k_ab092","Find letter K!","m19_letters_3"
"pip","find_letter_l_3447d","Find letter L!","m19_letters_3"
"pip","find_letter_m_55700","Find letter M!","m19_letters_3"
"pip","find_letter_n_deaeb","Find letter N!","m19_letters_3"
"pip","find_letter_o_0622e","Find letter O!","m19_letters_3"
"pip","find_letter_p_1b449","Find letter P!","m19_letters_4"
"pip","find_letter_q_3c6cc","Find letter Q!","m19_letters_4"
"pip","find_letter_r_c5ab7","Find letter R!","m19_letters_4"
"pip","find_letter_s_ed1fa","Find letter S!","m19_letters_4"
"pip","find_letter_t_7caa5","Find letter T!","m19_letters_4"
"pip","find_letter_u_a41e8","Find letter U!","m19_letters_5"
"pip","find_letter_v_27113","Find letter V!","m19_letters_5"
"pip","find_letter_w_4e856","Find letter W!","m19_letters_5"
"pip","find_letter_x_522d1","Find letter X!","m19_letters_5"
"pip","find_letter_y_79a14","Find letter Y!","m19_letters_5"
"pip","find_letter_z_092bf","Find letter Z!","m19_letters_6"
"pip","find_number_1_2aea3","Find number 1!","m16_numerals_1_2"
"pip","find_number_10_e98d3","Find number 10!","m16_numerals_9_10"
"pip","find_number_2_a1ab8","Find number 2!","m16_numerals_1_2"
"pip","find_number_3_73eb5","Find number 3!","m16_numerals_3_4"
"pip","find_number_4_eaaca","Find number 4!","m16_numerals_3_4"
"pip","find_number_4_on_the_number_9284d","Find number 4 on the number line!","m25_number_line"
"pip","find_number_5_c9847","Find number 5!","m16_numerals_5_6"
"pip","find_number_6_4045c","Find number 6!","m16_numerals_5_6"
"pip","find_number_7_18d19","Find number 7!","m16_numerals_7_8"
"pip","find_number_8_8946e","Find number 8!","m16_numerals_7_8"
"pip","find_number_9_61d2b","Find number 9!","m16_numerals_9_10"
"pip","find_teddy_for_bedtime_49fd4","Find Teddy for bedtime!","life_bed_find_teddy"
"pip","find_the_a_stone_05ad6","Find the A stone!","story_find_stone_a"
"pip","find_the_ambulance_1a00a","Find the ambulance!","town_find_ambulance"
"pip","find_the_banana_88565","Find the banana!","town_shop_list"
"pip","find_the_blue_friend_9e078","Find the blue friend!","rainbow_colour_friends"
"pip","find_the_carrot_cf977","Find the carrot!","town_shop_list"
"pip","find_the_cement_mixer_a6771","Find the cement mixer!","town_site_vehicles"
"pip","find_the_crane_e80e3","Find the crane!","town_site_vehicles"
"pip","find_the_crystal_7d83e","Find the crystal!","space_sample_jars"
"pip","find_the_digger_54568","Find the digger!","town_site_vehicles"
"pip","find_the_drum_6a4be","Find the drum!","jungle_find_drum"
"pip","find_the_duck_40b79","Find the duck!","m17_animal_names"
"pip","find_the_elephant_5b3f9","Find the elephant!","m17_meet_new_animals"
"pip","find_the_flamingo_06c4d","Find the flamingo!","jungle_find_flamingo"
"pip","find_the_fork_83086","Find the fork!","m20_set_the_table"
"pip","find_the_fox_7dbe7","Find the fox!","m17_animal_names"
"pip","find_the_friend_with_feathers_bccc2","Find the friend with feathers!","m17_body_features"
"pip","find_the_friend_with_fur_08113","Find the friend with fur!","m17_body_features"
"pip","find_the_friend_with_scales_dbca7","Find the friend with scales!","m17_body_features"
"pip","find_the_giraffe_a529c","Find the giraffe!","m17_meet_new_animals"
"pip","find_the_green_balloon_7fb19","Find the green balloon.","rainbow_find_green"
"pip","find_the_happy_face_cf7cf","Find the happy face!","m20_name_the_feeling"
"pip","find_the_harvester_a617e","Find the harvester!","town_farm_vehicles"
"pip","find_the_heart_sweet_4716c","Find the heart sweet!","rainbow_candy_find_heart"
"pip","find_the_little_m_5b0cf","Find the little m!","story_find_little_m"
"pip","find_the_milk_tanker_1a37a","Find the milk tanker!","town_farm_vehicles"
"pip","find_the_moon_rock_7f286","Find the moon rock!","space_sample_jars"
"pip","find_the_owl_fdb4e","Find the owl!","m17_animal_names"
"pip","find_the_panda_dcff4","Find the panda!","m17_meet_new_animals"
"pip","find_the_planet_screen_e6ad2","Find the planet screen!","space_find_screen"
"pip","find_the_rain_cloud_6de8f","Find the rain cloud!","m19_weather_words"
"pip","find_the_red_friend_2abad","Find the red friend!","rainbow_colour_friends"
"pip","find_the_red_paint_pot_76961","Find the red paint pot.","rainbow_find_red"
"pip","find_the_red_sea_friend_c0eba","Find the red sea friend!","rainbow_sea_red_friend"
"pip","find_the_sad_face_ec0a1","Find the sad face!","m20_name_the_feeling"
"pip","find_the_sleepy_face_1cc41","Find the sleepy face!","m20_name_the_feeling"
"pip","find_the_soap_36683","Find the soap!","m20_bathroom_things"
"pip","find_the_space_food_tray_aa266","Find the space food tray!","space_find_tray"
"pip","find_the_space_plant_e3c9d","Find the space plant!","space_sample_jars"
"pip","find_the_spoon_5727f","Find the spoon!","m20_set_the_table"
"pip","find_the_strawberry_38a95","Find the strawberry!","town_shop_list"
"pip","find_the_toothpaste_567f5","Find the toothpaste!","m20_bathroom_things"
"pip","find_the_towel_053ed","Find the towel!","m20_bathroom_things"
"pip","find_the_tractor_e01d5","Find the tractor!","town_farm_vehicles"
"pip","find_the_two_words_that_start_93b27","Find the two words that start with B.","story_two_b_words"
"pip","find_the_wind_7d768","Find the wind!","m19_weather_words"
"pip","find_the_yellow_friend_b0648","Find the yellow friend!","rainbow_colour_friends"
"pip","find_two_words_that_start_with_113bf","Find two words that start with B!","story_two_b_words"
"pip","finish_the_picnic_pattern_9bc0e","Finish the picnic pattern!","rory_dino_picnic"
"pip","finish_the_red_blue_pattern_79dc6","Finish the red blue pattern.","m13_pattern_complete"
"pip","first_pyjamas_then_brush_your_teeth_fb409","First pyjamas, then brush your teeth, then a story.","life_bed_order"
"pip","flamingo_parrot_flamingo_parrot_what_comes_472aa","Flamingo, parrot, flamingo, parrot. What comes next?","jungle_dance_pattern"
"pip","food_goes_to_the_food_shop_7dabc","Food goes to the food shop. Toys go to the toy shop.","town_shop_or_toys"
"pip","footprints_lead_across_dino_valley_1d749","Footprints lead across Dino Valley.","dino_more_or_less"
"pip","give_baby_raptor_a_home_1ea21","Give Baby Raptor a home!","rory_dino_picnic"
"pip","goodnight_bella_sweet_dreams_d7afb","Goodnight, Bella. Sweet dreams!","life_bedtime"
"pip","goodnight_moon_what_a_lovely_story_ac0af","Goodnight, moon! What a lovely story.","storybook_moon_story"
"pip","green_means_go_tap_green_c0e30","Green means go! Tap green!","town_green_light"
"pip","green_means_go_tap_the_green_8e297","Green means go. Tap the green light.","town_green_light"
"pip","help_pip_check_the_sample_jars_c5090","Help Pip check the sample jars. Find the moon rock first.","space_sample_jars"
"pip","help_pip_fix_the_shape_lab_ac1d8","Help Pip fix the shape lab. Put each shape in the slot with the same shape.","space_shape_slots"
"pip","help_sloth_climb_tap_one_two_090ae","Help Sloth climb. Tap one, two, three, four.","jungle_sloth_steps"
"pip","help_three_fish_swim_into_the_0bafe","Help three fish swim into the pond.","rainbow_sea_count_fish"
"pip","help_tidy_up_put_four_cars_781ff","Help tidy up. Put four cars in the basket.","life_tidy_cars"
"pip","helping_together_made_the_day_easier_a0de4","Helping together made the day easier!","life_helping_hands"
"pip","here_comes_the_vehicle_parade_lets_d66f0","Here comes the vehicle parade! Let’s help every vehicle find its way.","town_vehicle_parade"
"pip","hoo_hoo_a3e16","Hoo hoo!","m17_sound_owl"
"pip","hop_across_the_number_stones_tap_ce6f6","Hop across the number stones. Tap one, two, three.","m16_number_stones"
"pip","how_does_bella_feel_2cdaf","How does Bella feel?","life_feel_surprised life_feel_sleepy life_feel_happy"
"pip","it_is_bellas_birthday_party_how_32d04","It is Bella’s birthday party! How does she feel?","m20_feeling_excited"
"pip","it_is_cold_what_could_bella_14bbb","It is cold. What could Bella wear?","m20_weather_cold"
"pip","it_is_colour_splash_day_in_0e049","It is Colour Splash Day in Rainbow Village!","rainbow_colour_splash"
"pip","it_is_nearly_bedtime_for_bella_24716","It is nearly bedtime for Bella.","life_bedtime"
"pip","it_is_night_tap_bedtime_3974a","It is night. Tap bedtime!","m20_bedtime_picture"
"pip","it_is_rainy_what_could_bella_25b54","It is rainy. What could Bella wear?","m20_weather_rain"
"pip","it_is_snowy_and_cold_what_21bdc","It is snowy and cold. What should Bella wear on her feet?","m20_weather_snow"
"pip","it_is_sunny_what_could_bella_65922","It is sunny. What could Bella wear?","m20_weather_sun"
"pip","lets_bring_the_dinosaur_egg_home_7a37a","Let's bring the dinosaur egg home to Wonder Island!","rory_dino_picnic"
"pip","lets_do_the_shopping_list_find_6333d","Let’s do the shopping list. Find the banana first.","town_shop_list"
"pip","lets_go_on_a_dino_picnic_953a4","Let’s go on a Dino Picnic! Tap the big green play button.","scenes/WonderIslandScene.js"
"pip","lets_help_set_the_table_find_517e3","Let’s help set the table. Find the spoon first.","m20_set_the_table"
"pip","listen_the_jungle_is_full_of_60a32","Listen! The jungle is full of music.","jungle_hello_drums"
"pip","listen_then_choose_the_picture_for_7001c","Listen, then choose the picture for two.","m13_sound_match"
"pip","listen_to_four_slow_beats_then_4f0de","Listen to four slow beats, then tap them back.","jungle_sloth_beat"
"pip","listen_to_the_beat_then_tap_b4e14","Listen to the beat, then tap it back.","m13_rhythm_repeat"
"pip","listen_to_the_drum_then_tap_6f92b","Listen to the drum, then tap it back. Boom, boom!","jungle_copy_beat_2"
"pip","listen_to_the_slow_beat_then_ac249","Listen to the slow beat, then tap it back.","jungle_lullaby_beat"
"pip","look_at_the_car_parks_which_e9c8f","Look at the car parks. Which one has more cars?","town_more_cars"
"pip","look_at_the_planets_which_group_0cc77","Look at the planets. Which group has more?","space_more_planets"
"pip","look_closely_at_feathers_fur_and_5baa1","Look closely at feathers, fur and scales.","animal_feather_fur_scales"
"pip","look_through_the_telescope_which_planet_c592c","Look through the telescope. Which planet is the smallest?","space_smallest_planet"
"pip","luna_found_a_stone_with_a_9044d","Luna found a stone with a letter on it!","storybook_a_is_for_apple"
"pip","luna_found_letters_growing_like_flowers_62250","Luna found letters growing like flowers.","storybook_letter_garden"
"pip","luna_found_something_in_the_forest_d9350","Luna found something in the forest. What is it?","m19_vocab_forest"
"pip","luna_found_something_in_the_garden_16158","Luna found something in the garden. What is it?","m19_vocab_garden"
"pip","luna_found_something_in_the_picnic_a7c79","Luna found something in the picnic. What is it?","m19_vocab_picnic"
"pip","luna_is_collecting_useful_new_words_c94e0","Luna is collecting useful new words.","storybook_word_hunt"
"pip","luna_is_reading_a_bedtime_story_5f91e","Luna is reading a bedtime story about the moon.","storybook_moon_story"
"pip","luna_is_reading_about_the_weather_46364","Luna is reading about the weather. Find the rain cloud first.","m19_weather_words"
"pip","luna_needs_help_building_her_word_bbd35","Luna needs help building her word book.","storybook_word_builders"
"pip","luna_packed_a_picnic_full_of_69e20","Luna packed a picnic full of word sounds.","storybook_first_sounds"
"pip","lunas_books_fell_down_red_books_2d884","Luna’s books fell down. Red books on the red shelf, blue on blue, green on green.","m19_book_colours"
"pip","lunas_word_book_is_full_e8026","Luna’s word book is full!","storybook_word_builders"
"pip","m_for_moon_can_you_find_0d989","M for moon. Can you find the little m?","story_find_little_m"
"pip","make_a_rainbow_tap_red_then_54416","Make a rainbow. Tap red, then yellow, then green, then blue.","rainbow_rainbow_order"
"pip","match_each_shape_to_its_home_5a9ea","Match each shape to its home.","m13_shape_match"
"pip","match_each_shape_to_the_same_b2daf","Match each shape to the same shape.","rainbow_shape_match"
"pip","match_the_little_letters_to_the_5b112","Match the little letters to the BIG letters!","m19_upper_lower_1 m19_upper_lower_2 m19_upper_lower_3 m19_upper_lower_4"
"pip","mission_control_needs_the_screen_with_d8562","Mission control needs the screen with the planets. Can you find it?","space_find_screen"
"pip","moo_4c1bd","Moo!","m17_sound_cow"
"pip","more_dinosaur_friends_keep_joining_the_3a18c","More dinosaur friends keep joining the picnic.","dino_plus_one_picnic"
"pip","nearly_try_again_66470","Nearly! Try again.","activities/DragBaseActivity.js"
"pip","nee_naw_can_you_find_the_15999","Nee-naw! Can you find the ambulance?","town_find_ambulance"
"pip","new_animals_are_visiting_find_the_7c009","New animals are visiting! Find the elephant first.","m17_meet_new_animals"
"pip","octo_found_a_sea_egg_in_70fd4","Octo found a sea egg in the rainbow pond! Let’s help the sea friends.","rainbow_sea_friends"
"pip","octo_is_making_a_colourful_party_a18b7","Octo is making a colourful party banner.","rainbow_octo_paint_party"
"pip","octo_needs_help_getting_the_parade_4e771","Octo needs help getting the parade ready.","rainbow_build_parade_float"
"pip","octo_needs_help_putting_the_rainbow_b7ef0","Octo needs help putting the rainbow colours back.","rainbow_missing_rainbow"
"pip","octo_opened_a_sweet_shop_full_50159","Octo opened a sweet shop full of shapes. Let’s help!","rainbow_sweet_shapes"
"pip","oh_no_a_little_boat_is_d4c83","Oh no! A little boat is stuck out at sea. Which one can go and help?","town_sea_rescue"
"pip","oh_no_bella_dropped_her_ice_a39d5","Oh no, Bella dropped her ice cream. How does she feel?","m20_feeling_sad"
"pip","oh_no_piglet_rolled_in_the_f1c89","Oh no! Piglet rolled in the mud.","animal_muddy_piglet"
"pip","oh_no_there_is_a_fire_09aac","Oh no, there is a fire! Which vehicle comes to help?","town_fire_help"
"pip","ooh_ooh_aah_aah_2cf20","Ooh ooh, aah aah!","jungle_sound_monkey"
"pip","piglet_is_clean_and_happy_2cc19","Piglet is clean and happy!","animal_muddy_piglet"
"pip","pip_found_jars_from_the_moon_67d8d","Pip found jars from the Moon. Let’s look!","space_moon_samples"
"pip","pip_found_rory_the_raptor_rory_4a7b2","Pip found Rory the Raptor. Rory wants to make a dinosaur picnic!","rory_dino_picnic"
"pip","pip_has_a_shopping_list_181f8","Pip has a shopping list!","town_shopping_day"
"pip","pip_is_hungry_after_the_space_36a3c","Pip is hungry after the space walk. Put four berries on the plate.","space_lunch_berries"
"pip","pip_is_thirsty_what_can_pip_5ebbd","Pip is thirsty. What can Pip drink?","space_thirsty"
"pip","pip_wants_a_robot_helper_lets_63e8c","Pip wants a robot helper. Let’s build one!","space_robot_helper"
"pip","pip_wants_to_cross_the_road_c027f","Pip wants to cross the road. Where is the safe place to cross?","town_crossing"
"pip","planet_star_planet_star_what_comes_9f2ba","Planet, star, planet, star. What comes next?","space_planet_pattern"
"pip","purple_yellow_purple_what_comes_next_df20a","Purple, yellow, purple. What comes next?","rainbow_pattern"
"pip","put_circles_with_circles_and_squares_ca6bb","Put circles with circles, and squares with squares.","sort_shapes"
"pip","put_each_fruit_with_the_same_5db90","Put each fruit with the same colour.","dino_sort_fruit"
"pip","put_each_shape_where_it_belongs_57786","Put each shape where it belongs on the house.","rainbow_build_house"
"pip","put_five_pieces_of_fruit_on_91c97","Put five pieces of fruit on Rory's picnic plate.","dino_feed_5"
"pip","put_red_balloons_with_red_and_a1cff","Put red balloons with red and blue balloons with blue.","rainbow_balloon_sort"
"pip","put_red_food_with_red_and_8d417","Put red food with red, and blue food with blue.","sort_red_blue_fruit"
"pip","put_the_animals_with_animals_and_44c66","Put the animals with ANIMALS and the instruments with MUSIC.","jungle_concert_sort"
"pip","put_the_bedtime_routine_in_order_04ff1","Put the bedtime routine in order!","m20_routine_bedtime"
"pip","put_the_dino_steps_in_order_0d392","Put the dino steps in order!","m16_sequence_2"
"pip","put_the_egg_trail_in_order_f7506","Put the egg trail in order!","m16_sequence_3"
"pip","put_the_flower_pieces_in_the_7ef49","Put the flower pieces in the right places.","m13_build_object"
"pip","put_the_land_animals_on_the_93e2f","Put the land animals on the land and the water animals in the water.","animal_farm_land_water"
"pip","put_the_loud_instruments_with_loud_4040e","Put the loud instruments with LOUD and the quiet ones with QUIET.","jungle_loud_quiet"
"pip","put_the_morning_routine_in_order_59e47","Put the morning routine in order!","m20_routine_morning"
"pip","put_the_number_stones_in_order_ca61a","Put the number stones in order!","m16_sequence_1"
"pip","put_the_picnic_numbers_in_order_a19d1","Put the picnic numbers in order!","m16_sequence_4"
"pip","put_the_red_things_with_red_e4519","Put the red things with red and the blue things with blue.","rainbow_blob_sort"
"pip","put_the_rocket_pieces_together_nose_9bb65","Put the rocket pieces together. Nose cone on top, fins at the bottom.","space_build_rocket"
"pip","put_the_stars_with_the_star_3bbd5","Put the stars with the star, and the hearts with the heart.","space_sort_stars_hearts"
"pip","put_the_toys_in_the_toy_42327","Put the toys in the toy box and the clothes in the basket.","life_tidy_toys_clothes"
"pip","put_three_apples_in_bunnys_basket_e6939","Put three apples in Bunny's basket!","feed_bunny_3"
"pip","put_three_eggs_in_the_nest_b7ba4","Put three eggs in the nest.","animal_farm_count_eggs"
"pip","put_two_carrots_in_bunnys_basket_6eef8","Put two carrots in Bunny's basket!","feed_bunny_2_carrots"
"pip","put_warm_colours_on_one_side_c53d7","Put warm colours on one side and cool colours on the other.","rainbow_colour_sort"
"pip","quack_quack_ada3e","Quack quack!","m17_sound_duck"
"pip","rainbow_village_is_full_of_colour_e6c1e","Rainbow Village is full of colour again!","rainbow_colour_splash"
"pip","red_cars_in_the_red_space_f4852","Red cars in the red space, yellow in yellow, blue in blue.","town_park_colours"
"pip","red_means_stop_green_means_go_dfa28","Red means stop. Green means go!","town_traffic_lights"
"pip","red_yellow_green_red_yellow_what_00d6d","Red, yellow, green, red, yellow. What comes next?","town_light_order"
"pip","road_sea_or_sky_put_each_18da9","Road, sea or sky? Put each one where it goes.","town_land_sea_air"
"pip","roar_1f254","Roar!","jungle_sound_lion"
"pip","rory_found_nests_with_number_stones_c63ed","Rory found nests with number stones.","dino_nest_number_hunt"
"pip","rory_found_shiny_fossils_and_number_debd1","Rory found shiny fossils and number stones.","dino_fossil_number_trail"
"pip","rory_is_checking_on_all_the_cae5b","Rory is checking on all the dino nests.","dino_nest_check"
"pip","same_or_different_52a42","Same or different?","m25_same_different"
"pip","sloth_likes_to_take_things_nice_757bd","Sloth likes to take things nice and slow.","jungle_sloth_slowdown"
"pip","slow_and_steady_sloth_is_so_89680","Slow and steady. Sloth is so proud of you!","jungle_sloth_slowdown"
"pip","some_baby_animals_are_looking_for_d7ef4","Some baby animals are looking for their grown-ups.","animal_baby_rescue"
"pip","some_big_and_little_letters_lost_22fa8","Some big and little letters lost their partners.","storybook_big_little"
"pip","someone_hurt_their_knee_which_vehicle_f5d51","Someone hurt their knee. Which vehicle takes them to the hospital?","town_hurt_help"
"pip","sort_the_food_and_shapes_into_6e1c5","Sort the food and shapes into their groups.","m13_categorise"
"pip","sort_them_into_the_right_places_0a9ae","Sort them into the right places: toy box or play mat.","m20_toy_sort"
"pip","sort_them_into_the_right_places_283eb","Sort them into the right places: fur, feathers or scales.","m17_classify_covering"
"pip","sort_them_into_the_right_places_f7c4b","Sort them into the right places: land, water or air.","m17_land_water_air"
"pip","space_suit_things_go_in_the_3b2ab","Space suit things go in the locker. Sample jars go on the shelf.","space_tidy_up"
"pip","space_walks_make_pip_hungry_7cefe","Space walks make Pip hungry!","space_lunch"
"pip","squawk_hello_b3af3","Squawk! Hello!","jungle_concert_sound"
"pip","start_at_the_first_dot_and_9a345","Start at the first dot and trace the road.","m13_trace_path"
"pip","stop_look_and_listen_well_done_e6103","Stop, look and listen. Well done!","town_traffic_lights"
"pip","sunny_hot_things_go_with_the_7a8b5","Sunny hot things go with the hot sun. Warm things go with the cold.","m20_hot_or_cold"
"pip","swipe_over_the_banner_to_paint_1027a","Swipe over the banner to paint it purple.","rainbow_paint_party"
"pip","swipe_over_the_muddy_spots_to_2bd59","Swipe over the muddy spots to wash them clean.","m13_wash_swipe"
"pip","swipe_over_the_muddy_spots_to_7df58","Swipe over the muddy spots to wash Piglet clean.","animal_pig_wash"
"pip","swipe_over_the_spots_to_wash_c8348","Swipe over the spots to wash them in the bath.","life_bed_bath"
"pip","swipe_to_paint_all_the_white_26add","Swipe to paint all the white spots green.","rainbow_splash_green"
"pip","swipe_to_paint_all_the_white_9af1e","Swipe to paint all the white spots purple.","m13_paint_swipe"
"pip","tap_a_footprint_then_tap_who_81744","Tap a footprint, then tap who made it.","dino_footprint_match"
"pip","tap_a_shape_friend_then_the_3df99","Tap a shape friend, then the shape that looks the same.","rainbow_shape_friends"
"pip","tap_a_sweet_then_tap_the_4ec4d","Tap a sweet, then tap the shape that is the same.","rainbow_candy_match"
"pip","tap_an_animal_then_tap_its_735e4","Tap an animal, then tap its home.","m17_baby_parent"
"pip","tap_from_smallest_to_biggest_37440","Tap from smallest to biggest!","m25_order_by_size animal_pig_sizes jungle_sloth_sizes"
"pip","tap_the_3_stars_afba4","Tap the 3 stars!","space_tap_stars"
"pip","tap_the_biggest_balloon_eda83","Tap the biggest balloon.","rainbow_big_balloon"
"pip","tap_the_biggest_drum_2f192","Tap the biggest drum.","jungle_biggest_drum"
"pip","tap_the_biggest_star_e0072","Tap the biggest star.","m13_size_compare"
"pip","tap_the_bike_the_car_and_05cbe","Tap the bike, the car and the bus, from smallest to biggest.","town_vehicle_sizes"
"pip","tap_the_bus_ticket_then_the_1ea37","Tap the bus ticket, then the bus. Tap the train ticket, then the train.","town_tickets"
"pip","tap_the_flags_from_smallest_to_6be01","Tap the flags from smallest to biggest.","rainbow_parade_order"
"pip","tap_the_footprints_then_the_animal_9519b","Tap the footprints, then the animal that made them.","m17_whose_footprints"
"pip","tap_the_green_balloon_5bb2c","Tap the green balloon!","rainbow_find_green"
"pip","tap_the_launch_button_26fb7","Tap the launch button!","space_launch_button"
"pip","tap_the_letters_in_order_a_f6a95","Tap the letters in order: A, B, C, D.","story_abcd_order"
"pip","tap_the_red_apple_aaa7d","Tap the red apple!","tap_red_apple"
"pip","tap_the_red_paint_pot_f6094","Tap the red paint pot!","rainbow_find_red"
"pip","tap_the_shapes_from_smallest_to_c3a1a","Tap the shapes from smallest to biggest.","m13_sequence_order"
"pip","tap_the_smallest_bus_388b6","Tap the smallest bus.","town_smallest_bus"
"pip","tap_the_smallest_fish_6c0f6","Tap the smallest fish.","rainbow_sea_small_fish"
"pip","tap_the_triangle_c52be","Tap the triangle!","tap_triangle"
"pip","tap_two_colours_that_are_the_d8ff3","Tap two colours that are the same.","match_colours"
"pip","tap_two_instruments_that_are_the_bde02","Tap two instruments that are the same.","jungle_stage_match"
"pip","tap_two_shapes_that_are_the_b555e","Tap two shapes that are the same.","match_shapes"
"pip","tap_two_signs_that_are_the_3336a","Tap two signs that are the same.","town_signs_match"
"pip","tap_two_things_that_go_together_2b390","Tap two things that go together.","story_apple_pairs"
"pip","tap_wash_brush_then_story_ae6e2","Tap: wash, brush, then story!","m25_follow_directions"
"pip","ten_eggs_are_scattered_near_the_fe3c9","Ten eggs are scattered near the nesting ground.","dino_ten_egg_rescue"
"pip","thank_you_big_helpers_44826","Thank you, big helpers!","town_big_helpers"
"pip","the_animal_band_is_ready_to_ca912","The animal band is ready to play!","jungle_animal_band"
"pip","the_balloons_are_sorted_and_ready_269f2","The balloons are sorted and ready to go.","rainbow_balloon_sort_mission"
"pip","the_band_is_hungry_put_two_7ec15","The band is hungry. Put two bananas on the plate.","jungle_count_bananas"
"pip","the_band_needs_a_stage_lets_f1a0a","The band needs a stage. Let’s build it!","jungle_stage_builders"
"pip","the_banner_looks_wonderful_23537","The banner looks wonderful!","rainbow_octo_paint_party"
"pip","the_builders_are_building_a_new_d06e0","The builders are building a new toy shop!","town_building_site"
"pip","the_builders_need_their_trucks_find_a7dac","The builders need their trucks. Find the digger first.","town_site_vehicles"
"pip","the_bus_is_going_to_bus_61b55","The bus is going to bus stop number three. Tap three.","town_bus_stop_number"
"pip","the_bus_stops_at_number_3_fc121","The bus stops at number 3. Tap 3!","town_bus_stop_number"
"pip","the_children_are_waiting_bring_three_e7a9c","The children are waiting. Bring three buses to the bus stop.","town_count_buses"
"pip","the_colour_friends_are_hiding_find_703e3","The colour friends are hiding. Find the red friend first.","rainbow_colour_friends"
"pip","the_control_panel_lights_need_fixing_a63cd","The control panel lights need fixing.","space_control_lights"
"pip","the_dino_train_is_ready_to_8f998","The Dino Train is ready to roll!","dino_train_sequence"
"pip","the_dinosaur_herd_is_hungry_for_61f51","The dinosaur herd is hungry for picnic treats.","dino_hungry_herd"
"pip","the_dinosaur_train_needs_everything_in_add15","The dinosaur train needs everything in the right order.","dino_train_sequence"
"pip","the_egg_is_hatching_fa26a","The egg is hatching!","rory_dino_picnic"
"pip","the_eggs_need_matching_nests_with_1f5c7","The eggs need matching nests with the same amount.","dino_same_nest"
"pip","the_farm_animals_are_having_a_8f8a7","The farm animals are having a parade!","animal_moo_parade"
"pip","the_farm_egg_will_hatch_on_c1bb1","The farm egg will hatch on Wonder Island!","animal_farm_morning"
"pip","the_farm_helpers_bring_our_food_5a470","The farm helpers bring our food. Find the tractor first.","town_farm_vehicles"
"pip","the_flamingos_are_dancing_on_one_fd2dc","The flamingos are dancing on one leg!","jungle_flamingo_dance"
"pip","the_float_is_ready_let_the_020d0","The float is ready. Let the parade begin!","rainbow_build_parade_float"
"pip","the_fossil_trail_is_complete_e6742","The fossil trail is complete!","dino_fossil_number_trail"
"pip","the_garage_is_full_of_cars_5e410","The garage is full of cars. Let’s park them!","town_park_cars"
"pip","the_jungle_animals_want_to_start_d1c46","The jungle animals want to start a band!","jungle_animal_band"
"pip","the_jungle_stage_is_ready_58011","The jungle stage is ready!","jungle_stage_builders"
"pip","the_lander_is_coming_put_three_de31e","The lander is coming. Put three crates on the landing pad.","space_stack_crates"
"pip","the_letter_garden_is_blooming_2b01b","The Letter Garden is blooming!","storybook_letter_garden"
"pip","the_letter_partners_are_together_again_a0d94","The letter partners are together again!","storybook_big_little"
"pip","the_lion_cubs_egg_is_ready_698db","The lion cub’s egg is ready to hatch on Wonder Island!","jungle_lion_lullaby"
"pip","the_mail_van_is_here_with_61e6b","The mail van is here with deliveries!","town_deliveries"
"pip","the_moon_is_up_it_is_b124c","The moon is up. It is time for bed. Tap the bedtime picture.","m20_bedtime_picture"
"pip","the_nests_are_ready_and_a_d0d73","The nests are ready, and a Baby Triceratops came to visit!","dino_nest_number_hunt"
"pip","the_new_toy_shop_is_finished_daea7","The new toy shop is finished!","town_building_site"
"pip","the_parade_balloons_are_all_mixed_c0aec","The parade balloons are all mixed up.","rainbow_balloon_sort_mission"
"pip","the_parcel_goes_to_the_post_4f213","The parcel goes to the post office, the book to the library, the teddy to the toy shop.","town_deliver"
"pip","the_picnic_is_ready_what_can_252df","The picnic is ready. What can we carry to help?","m20_helping_table"
"pip","the_planetarium_is_full_of_stars_215da","The planetarium is full of stars and planets!","space_count_stars"
"pip","the_playroom_had_a_very_busy_a22c6","The playroom had a very busy day.","life_toy_tidy_party"
"pip","the_playroom_is_messy_lets_tidy_e9fd3","The playroom is messy. Let’s tidy up together!","life_tidy_helpers"
"pip","the_playroom_is_tidy_great_helping_bc470","The playroom is tidy. Great helping!","life_tidy_helpers"
"pip","the_pond_friends_are_making_a_5a235","The pond friends are making a noisy parade.","animal_pond_parade"
"pip","the_pond_parade_is_ready_afe36","The Pond Parade is ready!","animal_pond_parade"
"pip","the_robot_needs_power_put_three_7d9b8","The robot needs power. Put three batteries on the charging pad.","space_robot_batteries"
"pip","the_robot_needs_the_biggest_wheel_d552d","The robot needs the biggest wheel. Tap the biggest one.","space_biggest_wheel"
"pip","the_rocket_is_in_pieces_lets_4bb83","The rocket is in pieces. Let’s build it and blast off!","space_build_rocket_mission"
"pip","the_sea_egg_is_ready_to_c06c8","The sea egg is ready to hatch on Wonder Island!","rainbow_sea_friends"
"pip","the_shape_house_pieces_have_fallen_d5c04","The shape house pieces have fallen apart.","rainbow_shape_house_rescue"
"pip","the_shape_lab_is_working_again_1b05c","The shape lab is working again!","space_shape_lab"
"pip","the_shapes_fell_out_of_the_c4a9b","The shapes fell out of the shape lab machine!","space_shape_lab"
"pip","the_shopping_is_done_yum_94aaa","The shopping is done. Yum!","town_shopping_day"
"pip","the_shopping_list_says_three_apples_715bf","The shopping list says three apples. Put three apples in the basket.","town_shop_apples"
"pip","the_sleepy_dinosaurs_need_the_right_07bfb","The sleepy dinosaurs need the right-sized beds.","dino_giant_beds"
"pip","the_space_base_is_messy_lets_6e4f3","The space base is messy. Let’s tidy up!","space_tidy_base"
"pip","the_space_base_is_spick_and_4443f","The space base is spick and span!","space_tidy_base"
"pip","the_traffic_light_is_red_what_8af99","The traffic light is red. What should the cars do?","town_red_light"
"pip","the_weather_keeps_changing_outside_c3408","The weather keeps changing outside.","life_rainy_dressup"
"pip","the_whole_valley_is_tucked_in_84714","The whole valley is tucked in!","dino_giant_beds"
"pip","there_are_2_add_1_more_bc5cc","There are 2. Add 1 more to make 3.","m16_addition_prep_1"
"pip","there_are_3_add_1_more_9c832","There are 3. Add 1 more to make 4.","m16_addition_prep_2"
"pip","there_are_4_add_1_more_cc9a4","There are 4. Add 1 more to make 5.","m16_addition_prep_3"
"pip","there_are_5_add_2_more_5c10e","There are 5. Add 2 more to make 7.","m16_addition_prep_4"
"pip","there_are_little_ways_to_help_bbb6f","There are little ways to help everywhere.","life_helping_hands"
"pip","there_are_more_worlds_to_explore_6a537","There are more worlds to explore! Tap Explore Worlds.","scenes/WonderIslandScene.js"
"pip","there_is_a_special_letter_at_cbe7e","There is a special letter at the start of your name.","storybook_my_name"
"pip","tonight_is_the_grand_jungle_concert_ca309","Tonight is the Grand Jungle Concert!","jungle_grand_concert"
"pip","toucan_is_hungry_put_four_berries_f7c67","Toucan is hungry. Put four berries on the plate.","jungle_toucan_berries"
"pip","trace_the_road_for_the_parade_9d526","Trace the road for the parade float.","rainbow_trace_float"
"pip","turn_over_cards_and_find_the_7298e","Turn over cards and find the matching pairs.","m13_memory_match"
"pip","wash_all_the_bubbly_spots_ec1c0","Wash all the bubbly spots!","m20_wash_hands"
"pip","we_did_it_great_job_af5c9","We did it! Great job!","scenes/ActivityScene.js"
"pip","what_a_beautiful_flamingo_dance_08c56","What a beautiful flamingo dance!","jungle_flamingo_dance"
"pip","what_a_concert_the_whole_jungle_0c828","What a concert! The whole jungle is dancing.","jungle_grand_concert"
"pip","what_a_fun_ride_94aec","What a fun ride!","town_bus_stop"
"pip","what_a_great_space_scientist_166b8","What a great space scientist!","space_moon_samples"
"pip","what_a_moo_velous_parade_6999c","What a moo-velous parade!","animal_moo_parade"
"pip","what_a_sweet_shop_every_shape_183f6","What a sweet shop! Every shape is in the right place.","rainbow_sweet_shapes"
"pip","what_a_wonderful_parade_78dfe","What a wonderful parade!","town_vehicle_parade"
"pip","what_can_we_use_04879","What can we use?","life_tidy_spill"
"pip","what_do_we_read_0191d","What do we read?","story_what_we_read"
"pip","what_happens_first_wake_up_then_68ecc","What happens first? Wake up, then breakfast, then bed.","story_moon_order"
"pip","what_is_in_the_night_sky_68d75","What is in the night sky?","story_moon_vocab"
"pip","where_is_the_food_tray_tap_d3150","Where is the food tray? Tap it.","space_find_tray"
"pip","which_animal_is_slow_56528","Which animal is slow?","jungle_slow_animal"
"pip","which_bowl_is_for_rory_e34fe","Which bowl is for Rory?","dino_which_bowl"
"pip","which_field_has_more_cows_9de2e","Which field has more cows?","animal_farm_more_cows"
"pip","which_group_has_fewer_cones_908c5","Which group has fewer cones?","town_more_cones"
"pip","which_group_has_fewer_stars_b5b3a","Which group has fewer stars?","space_fewer_stars"
"pip","which_group_has_less_d8e0b","Which group has less?","m16_less_fruit m16_less_bones"
"pip","which_group_has_more_60ceb","Which group has more?","m16_more_eggs m16_more_footprints"
"pip","which_group_has_more_flamingos_f73d5","Which group has more flamingos?","jungle_more_flamingos"
"pip","which_group_has_the_same_amount_99b55","Which group has the same amount?","m16_same_amount_1 m16_same_amount_2 m16_same_amount_3 m16_same_amount_4"
"pip","which_nest_has_an_egg_84bdb","Which nest has an egg?","dino_find_egg_nest"
"pip","which_one_do_we_shake_d4be0","Which one do we shake?","jungle_shake_maracas"
"pip","which_one_does_not_belong_a8166","Which one does not belong?","m25_odd_one_out"
"pip","which_one_is_largest_aeb47","Which one is largest?","m16_largest_egg m16_largest_fossil"
"pip","which_one_is_not_an_animal_0260b","Which one is not an animal?","animal_farm_not_animal"
"pip","which_one_is_not_an_instrument_bfc0c","Which one is not an instrument?","jungle_stage_odd"
"pip","which_one_is_quiet_16543","Which one is quiet?","jungle_quiet_choice"
"pip","which_one_is_smallest_41644","Which one is smallest?","m16_smallest_dino m16_smallest_bed"
"pip","which_pile_has_more_parcels_dcb1a","Which pile has more parcels?","town_more_parcels"
"pip","which_sea_friend_is_red_19847","Which sea friend is red?","rainbow_sea_red_friend"
"pip","which_stone_has_the_letter_a_76580","Which stone has the letter A?","story_find_stone_a"
"pip","which_truck_clears_the_snow_a20ea","Which truck clears the snow?","town_snow_day"
"pip","which_van_brings_the_letters_c27a3","Which van brings the letters?","town_find_mail_van"
"pip","which_vehicle_brings_letters_and_parcels_9e062","Which vehicle brings letters and parcels? Tap it.","town_find_mail_van"
"pip","which_word_starts_with_a_206bb","Which word starts with A?","story_first_sound_a"
"pip","which_word_starts_with_b_efea4","Which word starts with B?","m19_first_sound_b"
"pip","which_word_starts_with_f_8c280","Which word starts with F?","m19_first_sound_f"
"pip","which_word_starts_with_m_f524f","Which word starts with M?","m19_first_sound_m"
"pip","which_word_starts_with_s_498fd","Which word starts with S?","m19_first_sound_s"
"pip","who_makes_that_sound_5bc73","Who makes that sound?","m17_sound_cow m17_sound_duck m17_sound_owl animal_farm_sounds"
"pip","yellow_purple_green_yellow_purple_what_3310b","Yellow, purple, green, yellow, purple. What comes next?","space_light_pattern_abc"
"pip","yellow_purple_yellow_purple_which_light_db1e3","Yellow, purple, yellow, purple. Which light comes next?","space_light_pattern"
"pip","you_are_a_kind_helper_59d32","You are a kind helper!","town_hospital"
"pip","you_counted_the_whole_sky_db26a","You counted the whole sky!","space_count_stars"
"pip","you_followed_every_clue_on_the_ee439","You followed every clue on the trail!","dino_more_or_less"
"pip","you_found_a_dinosaur_egg_a5f16","You found a dinosaur egg!","rory_dino_picnic"
"pip","you_found_a_letter_from_your_5a8e0","You found a letter from your own name!","storybook_my_name"
"pip","you_found_kind_ways_to_handle_fb895","You found kind ways to handle big feelings!","life_feelings_picnic"
"pip","you_found_the_jungle_music_c7166","You found the jungle music!","jungle_hello_drums"
"pip","you_helped_serve_a_forest_breakfast_cf825","You helped serve a forest breakfast!","animal_forest_breakfast"
"pip","you_know_all_the_town_helpers_2160b","You know all the town helpers!","town_who_helps"
"pip","you_know_so_many_feelings_3b116","You know so many feelings!","life_how_do_i_feel"
"pip","you_listened_for_the_first_sounds_7314f","You listened for the first sounds!","storybook_first_sounds"
"pip","you_made_room_for_every_new_5350d","You made room for every new friend!","dino_plus_one_picnic"
"pip","you_picked_clothes_that_fit_the_81504","You picked clothes that fit the weather!","life_rainy_dressup"
"pip","you_spotted_all_the_different_body_93851","You spotted all the different body coverings!","animal_feather_fur_scales"
"pip","your_friend_fell_over_and_is_0c6e1","Your friend fell over and is sad. What can you do?","town_kind_choice"
"pip","your_story_word_collection_grew_de4fb","Your story word collection grew!","storybook_word_hunt"
"pip","yum_pip_is_full_and_happy_63ac0","Yum! Pip is full and happy.","space_lunch"
